Contig,Base,HpLength,Count
ecoliK12_pbi_March2013,A,1,572185
ecoliK12_pbi_March2013,A,2,155502
ecoliK12_pbi_March2013,A,3,50276
ecoliK12_pbi_March2013,A,4,15529
ecoliK12_pbi_March2013,A,5,5927
ecoliK12_pbi_March2013,A,6,1930
ecoliK12_pbi_March2013,A,7,474
ecoliK12_pbi_March2013,A,8,97
ecoliK12_pbi_March2013,A,9,11
ecoliK12_pbi_March2013,C,1,684594
ecoliK12_pbi_March2013,C,2,183962
ecoliK12_pbi_March2013,C,3,31536
ecoliK12_pbi_March2013,C,4,6027
ecoliK12_pbi_March2013,C,5,1056
ecoliK12_pbi_March2013,C,6,153
ecoliK12_pbi_March2013,C,7,25
ecoliK12_pbi_March2013,C,8,3
ecoliK12_pbi_March2013,C,10,1
ecoliK12_pbi_March2013,G,1,684383
ecoliK12_pbi_March2013,G,2,185109
ecoliK12_pbi_March2013,G,3,31607
ecoliK12_pbi_March2013,G,4,6073
ecoliK12_pbi_March2013,G,5,1086
ecoliK12_pbi_March2013,G,6,155
ecoliK12_pbi_March2013,G,7,32
ecoliK12_pbi_March2013,G,8,7
ecoliK12_pbi_March2013,G,9,1
ecoliK12_pbi_March2013,T,1,575819
ecoliK12_pbi_March2013,T,2,155248
ecoliK12_pbi_March2013,T,3,50159
ecoliK12_pbi_March2013,T,4,15380
ecoliK12_pbi_March2013,T,5,5813
ecoliK12_pbi_March2013,T,6,1891
ecoliK12_pbi_March2013,T,7,473
ecoliK12_pbi_March2013,T,8,110
ecoliK12_pbi_March2013,T,9,7
